Title,First air date,End date,Rating,Genres,Status,Network,Summary
Under the Dome,2013/06/24,2015/09/10,6.5,"[""Drama"", ""Science-Fiction"", ""Thriller""]",Ended,CBS,"Under the Dome is the story of a small town that is suddenly and inexplicably sealed off from the rest of the world by an enormous transparent dome. The town's inhabitants must deal with surviving the post-apocalyptic conditions while searching for answers about the dome, where…"
Person of Interest,2011/09/22,2016/06/21,8.8,"[""Action"", ""Crime"", ""Science-Fiction""]",Ended,CBS,"You are being watched. The government has a secret system, a machine that spies on you every hour of every day. I know because I built it. I designed the Machine to detect acts of terror but it sees everything. Violent crimes involving ordinary people. People like you. Crimes th…"
Bitten,2014/01/11,2016/04/15,7.4,"[""Drama"", ""Horror"", ""Romance""]",Ended,CTV Sci-Fi Channel,"Based on the critically acclaimed series of novels from Kelley Armstrong. Set in Toronto and upper New York State, Bitten follows the adventures of 28-year-old Elena Michaels, the world's only female werewolf. An orphan, Elena thought she finally found her ""happily ever after"" w…"
Arrow,2012/10/10,2020/01/28,7.4,"[""Drama"", ""Action"", ""Science-Fiction""]",Ended,The CW,"After a violent shipwreck, billionaire playboy Oliver Queen was missing and presumed dead for five years before being discovered alive on a remote island in the Pacific. He returned home to Starling City, welcomed by his devoted mother Moira, beloved sister Thea and former flame…"
True Detective,2014/01/12,,8.1,"[""Drama"", ""Crime"", ""Thriller""]",Running,HBO,Touch darkness and darkness touches you back. True Detective centers on troubled cops and the investigations that drive them to the edge. Each season features a new cast and a new case.True Detective is an American anthology crime drama television series created and written by N…
The 100,2014/03/19,2020/09/30,7.7,"[""Action"", ""Adventure"", ""Science-Fiction""]",Ended,The CW,"Ninety-seven years ago, nuclear Armageddon decimated planet Earth, destroying civilization. The only survivors were the 400 inhabitants of 12 international space stations that were in orbit at the time. Three generations have been born in space, the survivors now number 4,000, a…"
Homeland,2011/10/02,2020/04/26,8.2,"[""Drama"", ""Thriller"", ""Espionage""]",Ended,Paramount+ with Showtime,"The winner of 6 Emmy Awards including Outstanding Drama Series, Homeland is an edge-of-your-seat sensation. Marine Sergeant Nicholas Brody is both a decorated hero and a serious threat. CIA officer Carrie Mathison is tops in her field despite being bipolar. The delicate dance th…"
Glee,2009/05/19,2015/03/20,6.7,"[""Drama"", ""Music"", ""Romance""]",Ended,FOX,"Glee is a musical comedy about a group of ambitious and talented young adults in search of strength, acceptance and, ultimately, their voice."
Revenge,2011/09/21,2015/05/10,7.7,"[""Drama"", ""Thriller"", ""Mystery""]",Ended,ABC,"This is not a story about forgiveness; Revenge is a show about retribution. Meet Emily Thorne, the newest resident of The Hamptons. When she was a little girl (and known as Amanda Clarke) her father, David Clarke, was framed for a horrific crime and subsequently sent to prison.…"
Grimm,2011/10/28,2017/03/31,8.4,"[""Drama"", ""Crime"", ""Supernatural""]",Ended,NBC,"Grimm is a drama series inspired by the classic Grimm Brothers' Fairy Tales. After Portland homicide detective Nick Burkhardt discovers he's descended from an elite line of criminal profilers known as ""Grimms"", he increasingly finds his responsibilities as a detective at odds wi…"
Gotham,2014/09/22,2019/04/25,7.7,"[""Drama"", ""Action"", ""Crime""]",Ended,FOX,"The good. The evil. The beginning.Everyone knows the name Commissioner Gordon. He is one of the crime world's greatest foes, a man whose reputation is synonymous with law and order. But what is known of Gordon's story and his rise from rookie detective to Police Commissioner? Wh…"
Lost Girl,2010/09/12,2015/10/25,8.0,"[""Drama"", ""Fantasy"", ""Horror""]",Ended,Showcase,"Lost Girl follows supernatural seductress Bo, a Succubus who feeds on the sexual energy of humans. Growing up with human parents, Bo had no reason to believe she was anything other than the girl next door — until she drained her boyfriend to death in their first sexual encounter…"
The Flash,2014/10/07,2023/05/24,7.5,"[""Drama"", ""Action"", ""Science-Fiction""]",Ended,The CW,"After a particle accelerator causes a freak storm, CSI Investigator Barry Allen is struck by lightning and falls into a coma. Months later he awakens with the power of super speed, granting him the ability to move through Central City like an unseen guardian angel. Though initia…"
Continuum,2012/05/27,2015/10/09,8.0,"[""Drama"", ""Crime"", ""Science-Fiction""]",Ended,Showcase,"Continuum centers on the conflict between a group of rebels from the year 2077 who time-travel to Vancouver, BC, in 2012, and a police officer who accidentally accompanies them. In spite of being many years early, the rebel group decides to continue its violent campaign to stop…"
Constantine,2014/10/24,2015/02/13,7.5,"[""Drama"", ""Action"", ""Horror""]",Ended,NBC,"Based on the wildly popular comic book series ""Hellblazer"" from DC Comics, seasoned demon hunter and master of the occult John Constantine is armed with a ferocious knowledge of the dark arts and a wickedly naughty wit. He fights the good fight - or at least he did. With his sou…"
Penny Dreadful,2014/05/11,2016/06/19,8.2,"[""Horror"", ""Thriller"", ""Supernatural""]",Ended,Paramount+ with Showtime,"Some of literature's most terrifying characters, including Dr. Frankenstein and his monster, Dorian Gray, and iconic figures from the novel Dracula are lurking in the darkest corners of Victorian London. They are joined by a core of original characters in a complex, frightening…"
The Amazing Race,2001/09/05,,6.8,"[""Action"", ""Adventure"", ""Family""]",Running,CBS,"From athletes and actors to tattoo artists, social workers and musicians - a diverse mix of teams will need to utilize their street smarts and savvy know-how to compete in the race of their lifetime."
Supernatural,2005/09/13,2020/11/19,8.4,"[""Drama"", ""Action"", ""Supernatural""]",Ended,The CW,"This haunting series follows the Winchester brothers as they crisscross the lonely and mysterious back roads of the country in their '67 Chevy Impala, hunting down every evil supernatural force they encounter along the way."
The Strain,2014/07/13,2017/09/17,7.4,"[""Drama"", ""Horror"", ""Thriller""]",Ended,FX,"The Strain is a high-concept thriller that tells the story of Dr. Ephraim Goodweather, the head of the Center for Disease Control Canary Team in New York City. He and his team are called upon to investigate a mysterious viral outbreak with hallmarks of an ancient and evil strain…"
The Last Ship,2014/06/22,2018/11/11,7.5,"[""Drama"", ""Action"", ""Thriller""]",Ended,TNT,"Their mission is simple: Find a cure. Stop the virus. Save the world. When a global pandemic wipes out eighty percent of the planet's population, the crew of a lone and unaffected Navy destroyer, the USS Nathan James, must find a way to pull humanity from the brink of extinction."
True Blood,2008/09/07,2014/08/24,7.9,"[""Drama"", ""Romance"", ""Supernatural""]",Ended,HBO,True Blood is a horror/drama based on a series of novels called The Southern American Vampires Mysteries. It focuses on Sookie Stackhouse and her various encounters with vampires and other supernatural beings. The show is centred in the small town of Bon Temps in Louisiana. The…
Once Upon a Time in Wonderland,2013/10/10,2014/04/03,6.8,"[""Drama"", ""Adventure"", ""Fantasy""]",Ended,ABC,"In Victorian England, the young and beautiful Alice tells a tale of a strange new land that exists on the other side of a rabbit hole. An invisible cat, a hookah smoking caterpillar and playing-cards that talk are just some of the fantastic things she's seen during this impossib…"
Hawaii Five-0,2010/09/20,2020/04/03,7.7,"[""Drama"", ""Action"", ""Crime""]",Ended,CBS,"Hawaii Five-0 is a contemporary take on the classic series about a new elite federalized task force whose mission is to wipe out the crime that washes up on the Islands' sun-drenched beaches. Detective Steve McGarrett, a decorated Naval officer-turned-cop, returned to Oahu to in…"
Hellsing,2001/10/10,2002/01/16,7.3,"[""Anime"", ""Horror"", ""Supernatural""]",Ended,Fuji TV,Hellsing is a 13-part anime based on the manga of the same name. The plot is significantly difficult to that of the the manga although the characters are the same. The show mainly focuses on the hellsing institute that houses the anti-hero named Alucard who swore loyalty to the…
Hellsing Ultimate,2006/02/10,2012/12/26,7.6,"[""Drama"", ""Action"", ""Anime"", ""Horror""]",Ended,TBS,"Hellsing Ultimate, unlike the 13-part Hellsing series, follows the manga of the same name very closely. Alucard being the main protagonist and anti-hero/vampire. Hellsing Ultimate is a 10-part series of OVAs whereby Alucard turns Sera's into a vampire. The main focus of the plot…"
Berserk,1997/10/07,1998/03/31,8.1,"[""Anime"", ""Fantasy"", ""Horror""]",Ended,NTV,Berserk is a 25-part anime set in a dark fantasy/horror environment whereby the series focuses on the main character guts; a lone swordman who later meets up with a group of mercenaries called the band of the hawk. The leader of this band holds a strange necklace called a beheli…
Californication,2007/08/13,2014/06/29,7.8,"[""Drama"", ""Comedy""]",Ended,Paramount+ with Showtime,Californication is a series based around the writer Hank Moody. He moves to California and suffers a writers block as well as many other family and personal issues. His drinking and generally unhealthy lifestyle interrupts his relationships with his long term lover Karen and his…
Vikings,2013/03/03,2021/03/05,8.6,"[""Drama"", ""Action"", ""History""]",Ended,History,"Vikings transports us to the brutal and mysterious world of Ragnar Lothbrok, a Viking warrior and farmer who yearns to explore - and raid - the distant shores across the ocean."
American Horror Story,2011/10/05,,7.5,"[""Drama"", ""Horror"", ""Thriller""]",Running,FX,"American Horror Story is an horror television anthology series. Each season is conceived as a self-contained miniseries, following a disparate set of characters and settings, and a storyline with its own beginning, middle, and end. While some actors appear for more than one year…"
Marvel's Agents of S.H.I.E.L.D.,2013/09/24,2020/08/12,8.0,"[""Action"", ""Adventure"", ""Science-Fiction""]",Ended,ABC,"Phil Coulson heads an elite team of fellow agents with the worldwide law-enforcement organization known as S.H.I.E.L.D. (Strategic Homeland Intervention Enforcement and Logistics Division), as they investigate strange occurrences around the globe. Its members -- each of whom bri…"
Fargo,2014/04/15,,8.7,"[""Drama"", ""Comedy"", ""Crime""]",To Be Determined,FX,"Fargo is a seasonal anthology crime drama with some dark comical elements, inspired by the film Fargo written by the Coen brothers. Each season follows a new case and new characters, all entrenched in the trademark humor, murder and ""Minnesota nice"" that has made the film an end…"
Hemlock Grove,2013/04/19,2015/10/23,7.0,"[""Drama"", ""Horror"", ""Thriller""]",Ended,Netflix,"Secrets are just a part of daily life in the small Pennsylvania town of Hemlock Grove, where the darkest evils hide in plain sight."
Helix,2014/01/10,2015/04/10,6.5,"[""Horror"", ""Science-Fiction"", ""Thriller""]",Ended,Syfy,Helix is a science fiction thriller that focuses on a CDC expedition into the arctic. They go there to investigate the potential outbreak of a disease with no idea what they are getting themselves into. They encounter an almost zombie-like threat that could threaten mankind itse…
The Killing,2011/04/03,2014/08/01,8.2,"[""Drama"", ""Crime"", ""Thriller""]",Ended,AMC,"The Killing follows Seattle homicide detectives Stephen Holder and Sarah Linden and their work as detectives investigating murders. Sarah Linden takes cases very seriously and has issues keeping her work and family separate, as she pairs up with recovering addict Stephen Holder…"
Intruders,2014/08/23,2014/10/11,7.0,"[""Drama"", ""Fantasy"", ""Thriller""]",Ended,BBC America,"A contemporary, chilling, paranormal tale set in the moody Pacific Northwest, the series spins a fascinating and complex web of drama. As strange, apparently unrelated events start happening, multiple story-lines - a missing wife, an assassin covering his crimes, a child on the…"
Z Nation,2014/09/12,2018/12/28,7.2,"[""Action"", ""Horror"", ""Science-Fiction""]",Ended,Syfy,"Z Nation starts three years after the zombie virus has gutted the country, a team of everyday heroes must transport the only known survivor of the plague from New York to California, where the last functioning viral lab waits for his blood. Although the antibodies he carries are…"
Resurrection,2014/03/09,2015/01/25,7.1,"[""Drama"", ""Science-Fiction"", ""Mystery""]",Ended,ABC,"The people of Arcadia, Missouri are forever changed when their deceased loved ones suddenly start to reappear. An 8-year-old American boy wakes up alone in a rice paddy in a rural Chinese province with no idea how he got there. Details start to emerge when the boy, who calls him…"
Death Note,2006/10/03,2007/06/26,8.8,"[""Anime"", ""Fantasy"", ""Thriller""]",Ended,NTV,Death Note is an anime series based around a manga of the same name whereby a human finds a death god's notebook. Any person's name written in this notebook will die. The main character who finds this noteboook is Light Yagami who faces off against an unfaced character named L w…
Last Man Standing,2011/10/11,2021/05/20,7.8,"[""Comedy"", ""Family""]",Ended,FOX,"Last Man Standing follows Mike Baxter, a married father of three girls, who tries to maintain his manliness, despite being surrounded by women."
Sleepy Hollow,2013/09/16,2017/03/31,7.5,"[""Drama"", ""Mystery"", ""Supernatural""]",Ended,FOX,"Sleepy Hollow is a thrilling mystery-adventure drama series spanning two and a half centuries, in which a resurrected Ichabod Crane pairs up with a present-day police lieutenant to save the enigmatic town of Sleepy Hollow--and the world--from unprecedented evil."
Outlander,2014/08/09,,7.9,"[""Adventure"", ""Romance"", ""Science-Fiction""]",Running,STARZ,"Outlander follows the story of Claire Randall, a married combat nurse from 1945 who is mysteriously swept back in time to 1743, where she is immediately thrown into an unknown world where her life is threatened. When she is forced to marry Jamie, a chivalrous and romantic young…"
Scorpion,2014/09/22,2018/04/16,7.3,"[""Drama"", ""Action"", ""Thriller""]",Ended,CBS,"Scorpion, inspired by a true story, is a high-octane drama about eccentric genius Walter O'Brien and his team of brilliant misfits who comprise the last line of defense against complex, high-tech threats of the modern age. As Homeland Security's new think tank, O'Brien's ""Scorpi…"
NCIS: New Orleans,2014/09/23,2021/05/23,7.5,"[""Drama"", ""Crime""]",Ended,CBS,"NCIS: New Orleans is a drama about the local field office that investigates criminal cases involving military personnel in The Big Easy, a city known for its music, entertainment and decadence. Leading the team is Special Agent Dwayne Pride, a.k.a. ""King,"" a native of New Orlean…"
Forever,2014/09/22,2015/05/05,8.1,"[""Drama"", ""Crime"", ""Supernatural""]",Ended,ABC,"Doctor Henry Morgan, New York City's star medical examiner, has a secret. He doesn't just study the dead to solve criminal cases, he does it to solve the mystery that has eluded him for 200 years - the answer to his own inexplicable immortality. This long life has given Henry re…"
Witches of East End,2013/10/06,2014/10/05,7.5,"[""Drama"", ""Fantasy"", ""Romance""]",Ended,Lifetime,"Based on Melissa de la Cruz's best-selling novel, Witches of East End centers on the mysterious Beauchamp family who live in the secluded seaside town of East End. Free-spirited artist Joanna Beauchamp is the mother of wild-child bartender Freya and shy librarian Ingrid, who are…"
Madam Secretary,2014/09/21,2019/12/08,7.7,"[""Drama""]",Ended,CBS,"Madam Secretary follows Elizabeth McCord, the shrewd, determined, newly appointed Secretary of State who drives international diplomacy, battles office politics and circumvents protocol as she negotiates global and domestic issues, both at the White House and at home. A college…"
Brooklyn Nine-Nine,2013/09/17,2021/09/16,8.1,"[""Comedy"", ""Action"", ""Crime""]",Ended,NBC,"Brooklyn Nine-Nine is an ensemble comedy about a talented-but-carefree detective, a by-the-book police captain and their precinct colleagues. While based in the workplace, Brooklyn Nine-Nine is not really about the job – it's about the men and women behind the badge."
The Lottery,2014/07/20,2014/09/28,6.5,"[""Drama"", ""Science-Fiction"", ""Thriller""]",Ended,Lifetime,"Set within a dystopian future driven by a global fertility crisis, The Lottery reveals a world staring down the barrel of impending extinction as women have mysteriously stopped bearing children. After years of research, Dr. Alison Lennon and her team remarkably fertilize 100 em…"
The Knick,2014/08/08,2015/12/18,8.3,"[""Drama"", ""Medical""]",Ended,Cinemax,"New York City, 1900: The Knickerbocker Hospital is home to groundbreaking surgeons, nurses and staff who push the boundaries of medicine in a time of astonishingly high mortality rates and zero antibiotics. The newly appointed leader of the surgery staff is the brilliant, arroga…"
How to Get Away with Murder,2014/09/25,2020/05/14,7.6,"[""Drama"", ""Thriller"", ""Legal""]",Ended,ABC,"The brilliant, charismatic and seductive Professor Annalise Keating gets entangled with four law students from her class, How to Get Away with Murder. Little do they know that they will have to apply what they learned to real life, in this masterful, sexy, suspense-driven legal…"
Nashville,2012/10/10,2018/07/26,7.4,"[""Drama"", ""Music"", ""Romance""]",Ended,CMT,"Nashville is set against the backdrop of the city's music scene and follows Rayna Jaymes and Juliette Barnes. Both women face personal and professional challenges as they navigate their paths as artists and individuals. Surrounding them, and often complicating their lives, are t…"
Legends,2014/08/13,2015/12/28,7.5,"[""Drama"", ""Crime"", ""Thriller""]",Ended,TNT,"Sean Bean stars in Legends, a suspense-filled drama based on the award-winning book by master spy novelist Robert Littell. Bean plays Martin Odum, an undercover agent working for the FBI's Deep Cover Operations (DCO) division. Martin has the uncanny ability to transform himself…"
Red Band Society,2014/09/17,2015/02/07,7.7,"[""Drama"", ""Comedy""]",Ended,FOX,"What if a hospital was your high school, boarding school and summer camp rolled into one? What if it was the place where you fell in love for the first time and made friendships that lasted a lifetime? And what if it was all weirdly hilarious and the most fun you ever had in you…"
Chicago P.D.,2014/01/08,,8.0,"[""Drama"", ""Crime""]",Running,NBC,"District 21 of the Chicago Police Department is made up of two distinctly different groups. There are the uniformed cops who patrol the beat and go head to head with the city's street crimes. And there's the Intelligence Unit, the team that combats the city's major offenses - or…"
black-ish,2014/09/24,2022/04/19,6.1,"[""Comedy"", ""Family""]",Ended,ABC,"Andre 'Dre' Johnson has a great job, a beautiful wife, Rainbow, four kids, and a colonial home in the 'burbs. But has success brought too much assimilation for this black family? With a little help from his dad, Dre sets out to establish a sense of cultural identity for his fami…"
New Girl,2011/09/20,2018/05/15,7.2,"[""Comedy"", ""Romance""]",Ended,FOX,"New Girl is a single-camera ensemble comedy starring Zooey Deschanel as Jess, an offbeat girl who - after a bad breakup - moves in with three single guys and essentially sets a bomb off in their lives."
Chicago Fire,2012/10/10,,8.0,"[""Drama"", ""Action""]",Running,NBC,"No job is more stressful, dangerous or exhilarating than those of the Firefighters, Rescue Squad and Paramedics of Chicago Firehouse 51. These are the courageous men and women who forge headfirst into danger when everyone else is running the other way and whose actions make the…"
NCIS,2003/09/23,,7.9,"[""Drama"", ""Action"", ""Crime""]",Running,CBS,"NCIS (Naval Criminal Investigative Service) is more than just an action drama. With liberal doses of humor, it's a show that focuses on the sometimes complex and always amusing dynamics of a team forced to work together in high-stress situations. Leroy Jethro Gibbs, a former Mar…"
Orphan Black,2013/03/30,2017/08/12,8.6,"[""Drama"", ""Science-Fiction"", ""Thriller""]",Ended,CTV Sci-Fi Channel,"Orphan Black is about Sarah, an outsider and orphan whose life changes dramatically after witnessing the suicide of a woman, ""Beth"", who looks just like her. Sarah takes her identity, her boyfriend and her money. But instead of solving her problems, the street-smart chameleon is…"
The Originals,2013/10/03,2018/08/01,8.2,"[""Drama"", ""Romance"", ""Supernatural""]",Ended,The CW,"The Originals is a spin-off show from the supernatural drama The Vampire Diaries. It is based in the city of New Orleans where the originals represent the original vampires. The show is primarily based around conflict between vampires, werewolves and witches in the city."
The Vampire Diaries,2009/09/10,2017/03/10,7.9,"[""Drama"", ""Romance"", ""Supernatural""]",Ended,The CW,The Vampire Diaries is a supernatural drama/romance based around Elena Gilbert who falls in love with a 163 year old vampire.Based on a novel series by L.J. Smith.
Utopia,2013/01/15,2014/08/12,8.3,"[""Drama"", ""Science-Fiction"", ""Thriller""]",Ended,Channel 4,Utopia based initially around a small group of people who find a rare manuscript of the same name. This leads the group to be targeted by a large organisation with little knowledge of the manuscript's relevance or importance.
Bones,2005/09/13,2017/03/28,8.1,"[""Drama"", ""Crime"", ""Medical""]",Ended,FOX,"F.B.I. Agent Seeley Booth is teamed up with forensic anthropologist Dr. Temperance ""Bones"" Brennan to solve some of the most baffling and bizarre crimes ever. Booth depends on clues from the living, witnesses and suspects, while Brennan gathers evidence from the dead, relying on…"
The Big Bang Theory,2007/09/24,2019/05/16,8.0,"[""Comedy""]",Ended,CBS,"The Big Bang Theory is a comedy about brilliant physicists, Leonard and Sheldon, who are the kind of ""beautiful minds"" that understand how the universe works. But none of that genius helps them interact with people, especially women. All this begins to change when a free-spirite…"
Grey's Anatomy,2005/03/27,,7.7,"[""Drama"", ""Romance"", ""Medical""]",Running,ABC,"The doctors of Grey Sloan Memorial Hospital deal with life-or-death consequences on a daily basis -- it's in one another that they find comfort, friendship and, at times, more than friendship. Together they're discovering that neither medicine nor relationships can be defined in…"
Castle,2009/03/09,2016/05/16,8.2,"[""Drama"", ""Crime""]",Ended,ABC,"Castle follows Rick Castle who is one of the world's most successful crime authors. But when his rock star lifestyle isn't enough, this bad boy goes looking for new trouble and finds it working with smart, beautiful Detective Kate Beckett. Inspired by her professional record and…"
The Blacklist,2013/09/23,2023/07/13,8.1,"[""Drama"", ""Crime"", ""Thriller""]",Ended,NBC,The Blacklist is a crime drama involving a former government agent who turned into a high-profile criminal turning himself in to the FBI offering to help catch criminals.
The Voice,2011/04/26,,5.9,"[""Music""]",Running,NBC,"The Voice is a singing competition where famous musicians serve as coaches to mentor aspiring artists through a series of blind auditions, battles, and live performances, with the ultimate goal of finding and crowning America's best new vocal talent."
Dancing with the Stars,2005/06/01,,6.4,"[""Family""]",Running,ABC,The hit series in which celebrities perform choreographed dance routines that are judged by a panel of renowned ballroom experts
NCIS: Los Angeles,2009/09/22,2023/05/21,7.9,"[""Drama"", ""Action"", ""Crime""]",Ended,CBS,"NCIS: Los Angeles is a drama about the high-stakes world of a division of NCIS that is charged with apprehending dangerous and elusive criminals that pose a threat to the nation's security. By assuming false identities and utilizing the most advanced technology, this team of hig…"
The Walking Dead,2010/10/31,2022/11/20,7.9,"[""Drama"", ""Action"", ""Horror""]",Ended,AMC+,"The Walking Dead tells the story of the months and years that follow after a zombie apocalypse. It follows a group of survivors, led by former police officer Rick Grimes, who travel in search of a safe and secure home. As the world overrun by the dead takes its toll on the survi…"
Hell on Wheels,2011/11/06,2016/07/23,8.2,"[""Drama"", ""Action"", ""Western""]",Ended,AMC,"Hell on Wheels is an American Western television series about the construction of the First Transcontinental Railroad across the United States. The series follows the Union Pacific Railroad and its surveyors, laborers, prostitutes, mercenaries, and others who lived, worked and d…"
The Mindy Project,2012/09/25,2017/11/14,7.0,"[""Comedy"", ""Romance"", ""Medical""]",Ended,Hulu,The Mindy Project is a single-camera comedy series which follows a skilled OB/GYN navigating the tricky waters of both her personal and professional life.
Sons of Anarchy,2008/09/03,2014/12/09,8.3,"[""Drama"", ""Action"", ""Crime""]",Ended,FX,"Sons of Anarchy is an American television drama series created by Kurt Sutter, about the lives of a close-knit outlaw motorcycle club operating in Charming, a fictional town in California's Central Valley. The show centers on protagonist Jackson ""Jax"" Teller (Charlie Hunnam), in…"
The Middle,2009/09/30,2018/05/22,8.0,"[""Comedy"", ""Family""]",Ended,ABC,"Forget about athletes, movie stars and politicians. Parents are the real heroes - but we think Frankie Heck, must be some kind of superhero. A loving wife and mother of three, she's middle class in the middle of the country and is rapidly approaching middle age.Frankie and her h…"
The Mysteries of Laura,2014/09/17,2016/03/02,7.3,"[""Comedy"", ""Crime""]",Ended,NBC,"Laura Diamond is a brilliant NYPD homicide detective who balances her ""Columbo"" day job with a crazy family life that includes two unruly twin boys and a soon-to-be ex-husband - also a cop - who just can't seem to sign the divorce papers. Between cleaning up after her boys and c…"
The Goldbergs,2013/09/24,2023/05/03,7.5,"[""Comedy"", ""Family""]",Ended,ABC,"Before there were parenting blogs, trophies for showing up and peanut allergies, there was a simpler time called the '80s. For geeky and movie obsessed youngest child Adam, these were his wonder years, and he faced them armed with a video camera to capture all the crazy. The Gol…"
Modern Family,2009/09/23,2020/04/08,7.7,"[""Comedy"", ""Family""]",Ended,ABC,"Modern Family revolves around three different types of families (nuclear, step- and same-sex) living in the Los Angeles area, who are interrelated through Jay Pritchett and his children, Claire Dunphy (née Pritchett) and Mitchell Pritchett. Patriarch Jay is remarried to a much y…"
Criminal Minds,2005/09/22,,8.1,"[""Drama"", ""Crime"", ""Thriller""]",Running,Paramount+,"Criminal Minds revolves around an elite team of FBI profilers who analyze the country's most twisted criminal minds, anticipating their next moves before they strike again."
Game of Thrones,2011/04/17,2019/05/19,8.9,"[""Drama"", ""Adventure"", ""Fantasy""]",Ended,HBO,"Based on the bestselling book series A Song of Ice and Fire by George R.R. Martin, this sprawling new HBO drama is set in a world where summers span decades and winters can last a lifetime. From the scheming south and the savage eastern lands, to the frozen north and ancient Wal…"
The Simpsons,1989/12/17,,8.1,"[""Comedy"", ""Family""]",Running,FOX,"The Simpsons is the longest running scripted show in US television history. It captures the adventures of Homer, Marge, Maggie, Bart and Lisa who are living in a fictional town called Springfield."
Family Guy,1999/01/31,,7.6,"[""Comedy"", ""Family""]",Running,FOX,"Family Guy follows Peter Griffin the endearingly ignorant dad, and his hilariously offbeat family of middle-class New Englanders in Quahog, RI. Lois is Peter's wife, a stay-at-home mom with no patience for her family's antics. Then there are their kids: 18-year-old Meg is an out…"
Stalker,2014/10/01,2015/05/18,7.5,"[""Crime"", ""Thriller""]",Ended,CBS,"Stalker is a psychological thriller about detectives who investigate stalking incidents - including voyeurism, cyber harassment and romantic fixation - for the Threat Assessment Unit of the LAPD. Det. Jack Larsen is a recent transfer to the Unit from New York City's homicide div…"
The Bridge,2013/07/10,2014/10/01,7.5,"[""Drama"", ""Crime"", ""Thriller""]",Ended,FX,"When the body of a cartel member is found on US soil, Sonya Cross from El Paso PD and her Mexican counterpart, Marco Ruiz must work together to solve the case.A present-day crime thriller exploring the tensions on the US-Mexico border. When an American judge known for her anti-i…"
Reign,2013/10/17,2017/06/16,7.6,"[""Drama"", ""Romance"", ""History""]",Ended,The CW,"Hidden between the lines of the history books is the story of Mary Stuart, the young woman the world would come to know as Mary, Queen of Scots. Queen of Scotland since she was six days old, the teenage Mary is already a headstrong monarch - beautiful, passionate, and poised at…"
Unforgettable,2011/09/20,2016/01/22,7.5,"[""Drama"", ""Crime""]",Ended,A&E,"Unforgettable follows Carrie Wells, an enigmatic former police detective with a rare condition that makes her memory so flawless that every place, every conversation, every moment of joy and every heartbreak is forever embedded in her mind. It's not just that she doesn't forget…"
Haven,2010/07/09,2015/12/17,8.0,"[""Drama"", ""Crime"", ""Supernatural""]",Ended,Syfy,"When FBI Special Agent Audrey Parker is dispatched to the small town of Haven, Maine, on a routine case, she soon finds herself increasingly involved in the return of ""The Troubles"", a plague of supernatural afflictions that have occurred in the town at least twice before. With…"
Bad Judge,2014/10/02,2015/01/22,7.4,"[""Comedy"", ""Family""]",Ended,NBC,"No excuses, no apologies, no compromises. Wild child Rebecca Wright knows how to have a good time, but she also happens to be one of L.A.'s toughest and most respected criminal court judges. She has a reputation for unorthodox behavior in the courtroom, including creative ruling…"
A to Z,2014/10/02,2015/01/22,6.7,"[""Comedy"", ""Romance""]",Ended,NBC,"This is the A to Z story of Andrew and Zelda - a pair that almost wasn't - and all that happened from the day they met. Andrew has always been a secret romantic... not above crooning to Celine Dion while driving to work, with dreams of finding ""the one."" He imagines her to be ju…"
Parenthood,2010/03/02,2015/01/29,8.0,"[""Drama"", ""Comedy"", ""Family""]",Ended,NBC,"Parenthood is the critically acclaimed one-hour drama inspired by the box office hit of the same name. This reimagined and updated Universal Television/Imagine Entertainment production follows the trials and tribulations of the very large, colorful and imperfect Braverman family…"
Defiance,2013/04/15,2015/08/28,7.8,"[""Action"", ""Adventure"", ""Science-Fiction""]",Ended,Syfy,"Set on a future Earth, Defiance introduces players and viewers to a world where humans and aliens live together on a planet ravaged by decades of war and transformed by alien terra-forming machines. It centers on Jeb Nolan, the law-keeper in a bustling frontier boomtown that is…"
Falling Skies,2011/06/19,2015/08/30,7.6,"[""Drama"", ""Action"", ""Science-Fiction""]",Ended,TNT,"The series tells the story of the aftermath of a global invasion by several races of extraterrestrials that neutralizes the world's power grid and technology, quickly destroys the combined militaries of all the world's countries, and apparently kills over 90% of the human popula…"
Manhattan Love Story,2014/09/30,2014/12/04,5.4,"[""Comedy"", ""Romance""]",Ended,ABC,"Have you ever wondered what your date was thinking? This romantic comedy exposes the differences between men and women through the unfiltered thoughts, and often contradictory actions, of a new couple who have just begun dating."
The Biggest Loser,2004/10/19,2020/03/31,6.0,[],Ended,USA Network,"NBC's The Biggest Loser, a show known for its incredible weight loss makeovers, will reveal an exciting makeover of its own when the popular series returns on Monday, January 4 (9-11 p.m. ET) with new host Bob Harper, a new ""Temptation"" theme, an updated state-of-the-art gym, a…"
Scandal,2012/04/05,2018/04/19,7.9,"[""Drama"", ""Thriller""]",Ended,ABC,"Everyone has secrets… and Olivia Pope has dedicated her life to protecting and defending the public images of the nation's elite by keeping those secrets under wraps. Pope's team are at the top of their game when it comes to getting the job done for their clients, but it becomes…"
America's Next Top Model,2003/05/20,2018/04/11,5.5,[],Ended,VH1,"Created by supermodel Tyra Banks, America's Next Top Model follows a group of young women of various backgrounds, shapes and sizes who live together in a loft and vie for a modeling contract. The show exposes the transformation of everyday young women into potentially fierce sup…"
Blue Bloods,2010/09/24,2024/12/13,8.1,"[""Drama"", ""Crime""]",Ended,CBS,"Blue Bloods is a drama about a multi-generational family of cops dedicated to New York City law enforcement. Frank Reagan is the New York Police Commissioner and heads both the police force and the Reagan brood. He runs his department as diplomatically as he runs his family, eve…"
The Good Wife,2009/09/22,2016/05/08,8.1,"[""Drama"", ""Crime"", ""Legal""]",Ended,CBS,"The Good Wife follows Alicia Florrick, a wife and mother who boldly assumes full responsibility for her family and re-enters the workforce after her husband's very public sex and political corruption scandal lands him in jail. Pushing aside the betrayal and crushing public humil…"
Boardwalk Empire,2010/09/19,2014/10/26,8.4,"[""Drama"", ""Crime""]",Ended,HBO,"As the country struggles to cope with the Great Depression and the end of Prohibition looms, Nucky Thompson looks to legitimize himself through alliances with liquor producers, while rivals Lucky Luciano and Meyer Lansky seek to consolidate their power in the wake of Arnold Roth…"
Law & Order: Special Victims Unit,1999/09/20,,7.9,"[""Drama"", ""Crime"", ""Legal""]",Running,NBC,"In the criminal justice system, sexually-based offenses are considered especially heinous. In New York City, the dedicated detectives who investigate these vicious felonies are members of an elite squad known as the Special Victims Unit. These are their stories."
Dominion,2014/06/19,2015/10/01,7.2,"[""Action"", ""Adventure"", ""Fantasy""]",Ended,Syfy,"Dominion is an epic supernatural drama set in the near future. Specifically, 25 years after ""The Extinction War,"" when an army of lower angels, assembled by the archangel Gabriel, waged war against mankind. The archangel Michael, turning against his own kind, chose to side with…"
From Dusk Till Dawn: The Series,2014/03/11,2016/11/01,6.6,"[""Action"", ""Crime"", ""Horror""]",Ended,El Rey Network,"From Dusk Till Dawn: The Series, based on the thrill-ride film of the same name, is a supernatural crime saga centered around bank robber, Seth Gecko and his violent, unpredictable brother, Richard ""Richie"" Gecko, who are wanted by the FBI and Texas Rangers Earl McGraw and Fredd…"
Justified,2010/03/16,2015/04/14,8.7,"[""Drama"", ""Crime"", ""Western""]",Ended,FX,"Deputy U.S. Marshal Raylan Givens is something of a 19th century-style officer in modern times, whose unconventional enforcement of justice makes him a target with criminals and a problem for his superiors in the U.S. Marshals Service. As a result of an eager but ""justified"" sho…"
Bob's Burgers,2011/01/09,,8.0,"[""Comedy"", ""Family""]",Running,FOX,"The series follows Bob who runs Bob's Burgers, with the help of his wife and their three kids. Bob has big ideas about burgers, but the rest of the clan falls short on service. Despite the greasy counters and lousy location, the Belchers are determined to make every ""Grand Re-Re…"
Mulaney,2014/10/05,2015/02/15,6.0,"[""Comedy"", ""Family""]",Ended,FOX,John Mulaney is a 29-year-old comedian working the stand-up circuit and looking for his big break. But life drastically changes when self-centered comedy legend and game show host Lou Cannon hires Mulaney as a writer. Lou may be John's entrée into the world of big-money show bus…
CSI: Crime Scene Investigation,2000/10/06,2015/09/27,8.1,"[""Drama"", ""Action"", ""Crime""]",Ended,CBS,"CSI: Crime Scene Investigation is a drama about a team of forensic investigators trained to solve criminal cases by scouring the crime scene, collecting irrefutable evidence and finding the missing pieces that solve the mystery."
Gracepoint,2014/10/02,2014/12/11,7.8,"[""Drama"", ""Crime"", ""Mystery""]",Ended,FOX,"When a young boy is found dead on an idyllic beach, a major police investigation gets underway in the small California seaside town where the tragedy occurred. Soon deemed a homicide, the case sparks a media frenzy, which throws the boy's family into further turmoil and upends t…"
Once Upon a Time,2011/10/23,2018/05/18,7.5,"[""Drama"", ""Fantasy"", ""Romance""]",Ended,ABC,"Once Upon a Time is Fairy Tale Land. It's filled with magic, monsters and all of the characters we all know from stories growing up. It's real, and so are the people in it. But unlike the ""happily ever after"" you may have heard about, their stories continued, and The Evil Queen…"
South Park,1997/08/13,,8.3,"[""Comedy""]",Running,Comedy Central,South Park is an adult comedy animation show centred around 4 children in the small town of south park. Its humour is often dark involving satirical elements and mocking current real-life events.
Survivor,2000/05/31,,7.3,"[""Adventure""]",Running,CBS,"Eighteen to twenty castaways will compete against each other on Survivor. All castaways will compete to outwit, outplay, outlast and ultimately be crowned Sole Survivor."
King of the Hill,1997/01/12,,7.6,"[""Comedy""]",Running,Hulu,"King of the Hill follows the life of Hank Hill, his wife Peggy, their 13-year-old son Bobby, their 18-year-old niece Luanne, her husband Lucky, their newborn baby girl Gracie and his beer guzzling neighborhood buddies, Dale, Bill and Boomhauer."
The Mentalist,2008/09/23,2015/02/18,8.2,"[""Drama"", ""Crime"", ""Mystery""]",Ended,CBS,"Patrick Jane, an independent consultant with the California Bureau of Investigation (CBI), has a remarkable track record for solving serious crimes by using his razor sharp skills of observation. Within the Bureau, Jane is notorious for his blatant lack of protocol and his semi-…"
Star Wars: Rebels,2014/09/29,2018/03/05,7.9,"[""Action"", ""Adventure"", ""Science-Fiction""]",Ended,Disney XD,"Star Wars Rebels, set five years before the events of Star Wars: Episode IV - A New Hope, tells the story of the Rebellion's beginnings while the Empire spreads tyranny through the galaxy."
House,2004/11/16,2012/05/21,8.8,"[""Drama"", ""Mystery"", ""Medical""]",Ended,FOX,"Sink your teeth into meaty drama and intrigue with House, FOX's take on mystery, where the villain is a medical malady and the hero is an irreverent, controversial doctor who trusts no one, least of all his patients.Dr. Gregory House is a maverick physician who is devoid of beds…"
Transparent,2014/09/26,2019/09/27,7.3,"[""Drama"", ""Comedy""]",Ended,Prime Video,"In Transparent, an LA family with serious boundary issues have their past and future unravel when a dramatic admission causes everyone's secrets to spill out."
Nikita,2010/09/09,2013/12/27,7.8,"[""Drama"", ""Action"", ""Crime""]",Ended,The CW,"When she was a deeply troubled teenager, Nikita was rescued from death row by a secret U.S. agency known only as Division, who trained her as a spy and assassin. Nikita was eventually betrayed by the only people she thought she could trust. Now, after three years in hiding, Niki…"
Lost,2004/09/22,2010/05/23,8.2,"[""Drama"", ""Adventure"", ""Supernatural""]",Ended,ABC,"Out of the blackness, the first thing Jack senses is pain. Then burning sun. A Bamboo forest. Smoke. Screams. With a rush comes the horrible awareness that the plane he was on tore apart in mid-air and crashed on a Pacific island. From there it's a blur, as his doctor's instinct…"
2 Broke Girls,2011/09/19,2017/04/17,7.2,"[""Comedy""]",Ended,CBS,"2 Broke Girls is a comedy about two young women waitressing at a greasy spoon diner who strike up an unlikely friendship in the hopes of launching a successful business - if only they can raise the cash. Sassy, streetwise Max Black works two jobs just to get by, one of which is…"
Selfie,2014/09/30,2014/12/30,7.1,"[""Comedy"", ""Romance""]",Ended,ABC,"Eliza Dooley has 263,000 followers who hang on to her every post, tweet and selfie. But one lonely day, she has a revelation: being friended is not the same as having actual friends. She asks marketing guru Henry to 'rebrand' her self-obsessed reputation and teach her how to con…"
Mom,2013/09/23,2021/05/13,7.7,"[""Comedy"", ""Family""]",Ended,CBS,"Christy is a single mom who, after years of questionable choices, is now sober and trying to get her life on track. She's tested daily by her newly sober mother, Bonnie, who is trying to make up for all the ways she's let Christy down. Christy is further challenged by her relati…"
The Affair,2014/10/12,2019/11/03,7.7,"[""Drama"", ""Romance""]",Ended,Paramount+ with Showtime,"At once deeply observed and intriguingly elusive, The Affair explores the emotional effects of an extramarital relationship.Noah is a New York City schoolteacher and novelist who is happily married, but resents his dependence on his wealthy father-in-law. Alison is a young waitr…"
Jane the Virgin,2014/10/13,2019/07/31,7.4,"[""Drama"", ""Crime"", ""Romance""]",Ended,The CW,"When Jane Villanueva was a young girl, her grandmother, Alba, convinced her of two things: telenovelas are the highest form of entertainment, and women must protect their virginity at all costs. Jane the Virgin, although she has always tried to be the good girl who does the righ…"
Marry Me,2014/10/14,2015/05/14,5.4,"[""Comedy""]",Ended,NBC,"Six years ago, Annie and Jake bonded over their mutual love of nachos and they've been inseparable ever since. Now, after returning from a romantic two-week island vacation, Jake's all set to pop the question. Before he can ask, though, Annie lets loose on Jake for his inability…"
Two and a Half Men,2003/09/22,2015/02/19,6.6,"[""Comedy""]",Ended,CBS,"Charlie is a well-to-do bachelor with a house at the beach, a Jaguar in the front, and an easy way with women. His casual Malibu lifestyle is interrupted when his tightly wound brother Alan, who's facing a divorce, and his son Jake, come to live with him. Together, these two and…"
About a Boy,2014/02/22,2015/07/20,6.5,"[""Drama"", ""Comedy"", ""Romance""]",Ended,NBC,"Will Freeman lives a charmed existence as the ultimate man-child. After writing a hit song, he was granted a life of free time, free love and freedom from financial woes. He's single, unemployed and loving it. So imagine his surprise when Fiona, a needy, single mom and her oddly…"
The Millers,2013/10/03,2015/07/18,6.2,"[""Comedy""]",Ended,CBS,"The Millers follows Nathan Miller, a recently divorced local roving news reporter looking forward to living the singles life until his parents' marital problems unexpectedly derail his plans. After Nathan finally breaks the news of his divorce to his parents Carol and Tom, his f…"
Elementary,2012/09/27,2019/08/15,8.3,"[""Drama"", ""Crime"", ""Mystery""]",Ended,CBS,"Elementary is a modern-day take on the classic Sherlock Holmes story about a crime-solving duo that cracks the NYPD's most impossible cases. Following his fall from grace in London and a stint in rehab, eccentric Sherlock escapes to Manhattan where his wealthy father forces him…"
Heroes,2006/09/25,2010/02/08,7.7,"[""Drama"", ""Action"", ""Science-Fiction""]",Ended,NBC,"This epic chronicles the lives of ordinary people who discover they possess extraordinary abilities. As a total eclipse casts a shadow across the globe, viewers follow a genetics professor in India whose father's disappearance leads him to uncover a secret theory—there are peopl…"
The McCarthys,2014/10/30,2015/07/11,6.8,"[""Comedy"", ""Family""]",Ended,CBS,"The McCarthys is a multi-camera comedy about a close-knit, sports-crazed Boston family whose somewhat athletically challenged son, Ronny, is chosen by his father to be his assistant high school basketball coach, much to the surprise of his more qualified siblings. Ronny wants no…"
Cristela,2014/10/10,2015/04/17,7.0,"[""Comedy"", ""Legal""]",Ended,ABC,Cristela's dream of becoming a lawyer is something her traditional Mexican-American family doesn't quite understand. She's entering her sixth year of law school after juggling home obligations and working multiple jobs to pay her way.
The Leftovers,2014/06/29,2017/06/04,8.0,"[""Drama"", ""Science-Fiction"", ""Thriller""]",Ended,HBO,"Three years after millions of people—some 2% of the world's population—vanished into thin air, residents of Mapleton, NY weigh the pros and cons of a ""Heroes Day"" tribute to the local ""Departed"". Attempting to maintain a sense of normalcy in his strained community, police chief…"
Girls,2012/04/15,2017/04/16,6.4,"[""Drama"", ""Romance""]",Ended,HBO,This Emmy winning series is a comic look at the assorted humiliations and rare triumphs of a group of girls in their 20s.
Looking,2014/01/19,2015/03/22,7.2,"[""Drama"", ""Comedy"", ""Romance""]",Ended,HBO,"Looking offers up the unfiltered experiences of three close friends living - and loving - in modern-day San Francisco. Friendship may bind them, but each is at a markedly different point in his journey: Patrick is the 29-year-old video game designer getting back into the dating…"
Getting On,2013/11/24,2015/12/13,6.9,"[""Comedy"", ""Medical""]",Ended,HBO,"From creators Mark V. Olsen and Will Scheffer, the series follows the daily lives of nurses and doctors as they struggle with the darkly comic realities of caring for the elderly in an overwhelmed healthcare system, skewering the petty bureaucracies of modern medical practice in…"
Veep,2012/04/22,2019/05/12,8.0,"[""Comedy""]",Ended,HBO,"Former Senator Selina Meyer has accepted the call to serve as Vice President of the United States. The job is nothing like she imagined and everything she was warned about. Veep follows Meyer and her staff as they attempt to make their mark and leave a lasting legacy, without ge…"
Silicon Valley,2014/04/06,2019/12/08,8.4,"[""Comedy""]",Ended,HBO,"In the high-tech gold rush of modern Silicon Valley, the people most qualified to succeed are the least capable of handling success. From Mike Judge comes this satire about a programmer whose game-changing algorithm becomes the subject of a valley-wide bidding war."
The Comeback,2005/06/05,,7.9,"[""Comedy""]",Running,HBO,"The limited comedy series stars Lisa Kudrow as the embattled Valerie Cherish, a fading TV ""It Girl"" who was once so desperate to stay in the spotlight that she allowed cameras to follow her every move as she appeared on a new sitcom - with disastrous results. Now, it's ten years…"
House of Lies,2012/01/08,2016/06/12,7.9,"[""Drama"", ""Comedy""]",Ended,Paramount+ with Showtime,"Charming, fast talking Marty Kaan and his crack team of management consultants know how to play the corporate game better than anyone, by using every dirty trick in the book to woo powerful CEOs and close huge deals. In the board rooms, barrooms, and bedrooms of the power elite,…"
Episodes,2011/01/09,2017/10/08,7.8,"[""Comedy""]",Ended,Paramount+ with Showtime,"Matt LeBlanc stars as Matt LeBlanc in Episodes, the hilarious comedy series about remaking a comedy series. When husband and wife writing team Sean and Beverly set out to reproduce their British TV hit for an American network, all of their worst fears come true as Hollywood live…"
Nurse Jackie,2009/06/08,2015/06/28,7.9,"[""Drama"", ""Comedy""]",Ended,Paramount+ with Showtime,"Every day is a matter of life and death in a hectic New York City hospital, but for Nurse Jackie that's the easiest part. Between chronic back pain that won't quit, and a personal life on the constant edge of collapse, it's going to take a white lie here, a bent rule there, and…"
Web Therapy,2011/07/19,2015/01/28,7.1,"[""Comedy""]",Ended,Paramount+ with Showtime,"Fiona Wallice is a therapist with little patience for her patients. Tired of hearing about people's problems for fifty long minutes, she devises a new treatment, the three-minute video chat. And still, the sessions end up being largely about her. If she's your therapist, you've…"
Masters of Sex,2013/09/29,2016/11/13,7.3,"[""Drama"", ""Romance"", ""History""]",Ended,Paramount+ with Showtime,"Masters of Sex is a drama that portrays the real-life pioneers of the science of human sexuality, William Masters and Virginia Johnson. The series chronicles the unusual lives, romance, and pop culture trajectory of Masters and Johnson. Their research touched off the sexual revo…"
Shameless,2011/01/09,2021/04/11,8.5,"[""Drama"", ""Comedy"", ""Family""]",Ended,Paramount+ with Showtime,"Shameless is a fiercely engaging and fearlessly twisted series. Chicagoan Frank Gallagher is the proud single dad of six smart, industrious, independent kids, who without him would be... perhaps better off. When Frank's not at the bar spending what little money they have, he's p…"
The Newsroom,2012/06/24,2014/12/14,8.4,"[""Drama""]",Ended,HBO,"The Newsroom follows the members of a cable news team on their quixotic mission to do the news well in the face of a fickle audience, corporate mandates and tangled personal relationships."
Ray Donovan,2013/06/30,2022/01/14,8.1,"[""Drama"", ""Action"", ""Crime""]",Ended,Paramount+ with Showtime,"Set in the sprawling mecca of the rich and famous, Ray Donovan does the dirty work for LA's top power players as the go-to guy who makes the problems of the city's celebrities, superstar athletes, and business moguls disappear. This powerful drama unfolds when his father is unex…"
Utopia,2014/09/07,2014/11/07,,[],Ended,FOX,"Get ready to witness the birth of a brave new world. On the daring unscripted series Utopia, 15 pioneering Americans wave goodbye - for an entire year - to the lives they've known, move to a remote location and set out to create a society from scratch. They've got limited suppli…"
Sanctuary,2008/10/03,2011/12/30,8.0,"[""Drama"", ""Adventure"", ""Science-Fiction""]",Ended,Syfy,"Sanctuary follows the adventures of the beautiful, enigmatic and always surprising Dr. Helen Magnus, a brilliant scientist who holds the secrets of a clandestine population and a group of strange and sometimes terrifying beings that hide among humans.Along with her new recruit,…"
Beauty & the Beast,2012/10/11,2016/09/15,7.4,"[""Action"", ""Romance"", ""Science-Fiction""]",Ended,The CW,"Detective Catherine Chandler is a smart, no-nonsense homicide detective. When she was a teenager, she witnessed the murder of her mother at the hands of two gunmen and herself was saved by someone – or something. Years have passed and while investigating a murder, Catherine disc…"
Twin Peaks,1990/04/08,2017/09/03,8.0,"[""Crime"", ""Mystery"", ""Supernatural""]",Ended,Paramount+ with Showtime,"Set in the fictional town of Twin Peaks in northeast Washington state, this is the story of FBI Special Agent Dale Cooper and his investigation of the murder of a popular local teenage schoolgirl, Laura Palmer."
The Americans,2013/01/30,2018/05/30,8.5,"[""Drama"", ""Espionage""]",Ended,FX,The Americans is a period drama about the complex marriage of two KGB spies posing as Americans in suburban Washington D.C. shortly after Ronald Reagan is elected President.
Fringe,2008/09/09,2013/01/18,8.6,"[""Drama"", ""Action"", ""Science-Fiction""]",Ended,FOX,"When an international flight lands at Boston's Logan Airport and the passengers and crew have all died grisly deaths, FBI Special Agent Olivia Dunham is called in to investigate. After her partner is nearly killed during the investigation, a desperate Olivia searches frantically…"
State of Affairs,2014/11/17,2015/02/16,6.5,"[""Drama"", ""Thriller""]",Ended,NBC,"Each day the President is faced with dozens of life and death decisions, and to prioritize the biggest international crises facing the country, one top CIA analyst — Charleston Tucker — assembles the President's Daily Briefing (PDB). This list of the most vital security issues f…"
Weeds,2005/08/07,2012/09/16,7.9,"[""Drama"", ""Comedy"", ""Crime""]",Ended,Paramount+ with Showtime,Weeds is based around an american widow (Nancy Botwin) with 2 children who begins selling cannabis for financial gain after the death of her husband. Her family become involved in more and more illegal activities as the show progresses.
Dexter,2006/10/01,2013/09/22,8.4,"[""Drama"", ""Crime"", ""Mystery""]",Ended,Paramount+ with Showtime,"He's smart, he's good looking, and he's got a great sense of humor. He's Dexter Morgan, everyone's favorite serial killer. As a Miami forensics expert, he spends his days solving crimes, and nights committing them. But Dexter lives by a strict code of honor that is both his savi…"
Carnivàle,2003/09/14,2005/03/27,8.0,"[""Drama"", ""Fantasy"", ""Horror""]",Ended,HBO,"Carnivàle is set in the United States during the Great Depression and Dust Bowl. In tracing the lives of two disparate groups of people, its overarching story depicts the battle between good and evil and the struggle between free will and destiny, the storyline mixes Christian t…"
Human Target,2010/01/17,2011/02/09,8.0,"[""Action"", ""Adventure"", ""Crime""]",Ended,FOX,"Christopher Chance is a unique private contractor/security expert/bodyguard hired when an unusual or imminent threat cannot be solved through normal means of protection. Chance works with his business partner and trusted friend, Winston, and hired gun, Guerrero, to integrate him…"
Banshee,2013/01/11,2016/05/20,8.6,"[""Drama"", ""Action"", ""Crime""]",Ended,Cinemax,"Banshee stars Antony Starr as Lucas Hood, an ex-con and master thief who assumes the identity of the sheriff of Banshee, Pennsylvania, where he continues his criminal activities, even as he's hunted by the shadowy gangsters he betrayed years earlier."
Bionic Woman,2007/09/26,2007/11/28,6.4,"[""Action"", ""Science-Fiction""]",Ended,NBC,"When a devastating car accident leaves Jaime Sommer at death's door, her only hope of survival is a cutting-edge, top-secret technology performed by her boyfriend, Dr. Will Anthros and with her new bionics come a covert life that she is not sure she is ready to lead."
Battlestar Galactica,2003/12/08,2009/10/27,8.7,"[""Drama"", ""Science-Fiction"", ""War""]",Ended,Syfy,"The world ended with no warning, and all that was left… was hope.A truce between the humans of the Twelve Colonies and the Cylons—intelligent robots designed by humankind—lasts for 40 tense and silent years. Battlestar Galactica picks up just as the Cylons commit mass genocide a…"
24,2001/11/06,2014/09/30,8.3,"[""Drama"", ""Action"", ""Thriller""]",Ended,FOX,"Jack Bauer, agent of CTU (Counter Terrorist Unit) faces threats against his country and himself in this action packed show. Each season contains of one day, each episode shows one hour of Jack Bauer's day. 24 is the only action show in real time and gained a lot of fans during t…"
Chuck,2007/09/24,2012/01/27,8.3,"[""Drama"", ""Comedy"", ""Action""]",Ended,NBC,"Chuck Bartowski is a computer geek that gets catapulted into a new career as the government's most vital secret agent. When Chuck opens an e-mail subliminally encoded with government secrets, he unwittingly downloads an entire server of sensitive data into his brain. With the go…"
Breaking Bad,2008/01/20,2019/10/11,9.2,"[""Drama"", ""Crime"", ""Thriller""]",Ended,AMC,"Breaking Bad follows protagonist Walter White, a chemistry teacher who lives in New Mexico with his wife and teenage son who has cerebral palsy. White is diagnosed with Stage III cancer and given a prognosis of two years left to live. With a new sense of fearlessness based on hi…"
Orange Is the New Black,2013/07/11,2019/07/26,7.9,"[""Drama"", ""Comedy"", ""Crime""]",Ended,Netflix,"Orange Is the New Black is the story of Piper Chapman, a woman in her thirties who is sentenced to fifteen months in prison after being convicted of a decade-old crime of transporting money for her drug-dealing girlfriend."
How I Met Your Mother,2005/09/19,2014/03/31,7.9,"[""Drama"", ""Comedy"", ""Romance""]",Ended,CBS,"How I Met Your Mother is a comedy about Ted and how he fell in love. It all starts when Ted's best friend, Marshall drops the bombshell that he's going to propose to his long-time girlfriend, Lilya kindergarten teacher. At that moment, Ted realizes that he had better get a move…"
Suits,2011/06/23,2019/09/25,8.2,"[""Drama"", ""Legal""]",Ended,USA Network,"Suits delves into the fast-paced, high-stakes world of a top Manhattan corporate law firm where hotshot associate Harvey Specter makes a risky move by hiring Mike Ross a brilliant but unmotivated college dropout, as his associate. As he becomes enmeshed in this unfamiliar world,…"
Parks and Recreation,2009/04/09,2015/02/24,8.2,"[""Comedy""]",Ended,NBC,Parks and Recreation is a comedy series based around the main character Leslie Knope (a bureaucrat) in the parks department of Pawnee.
House of Cards,2013/02/01,2018/11/02,8.2,"[""Drama"", ""Thriller""]",Ended,Netflix,"Based on the BBC miniseries of the same name, House of Cards follows Francis Underwood, the politician's politician – masterful, beguiling, charismatic and ruthless. He and his equally ambitious wife Claire will stop at nothing to ensure their ascendancy. This wicked political d…"
Teen Wolf,2011/06/05,2023/01/26,8.1,"[""Drama"", ""Romance"", ""Supernatural""]",Ended,MTV,"Always an outsider and often unnoticed, Scott McCall yearns to be recognized in some small way that takes him out of his typical state of high school anonymity. When his best friend, Stiles, convinces him to go into the woods one night to join a police search for a dead body, Sc…"
Pretty Little Liars,2010/06/08,2017/06/27,7.4,"[""Romance"", ""Thriller"", ""Mystery""]",Ended,Freeform,"Rosewood is a perfect little town. So quiet and pristine, you'd never guess it holds so many secrets. Some of the ugliest ones belong to the prettiest girls in town: Aria, Spencer, Hanna and Emily, four friends whose darkest secrets have been unraveling since Alison, the Queen B…"
The Legend of Korra,2012/04/14,2014/12/19,8.1,"[""Action"", ""Adventure"", ""Fantasy""]",Ended,Nickelodeon,Avatar Korra fights to keep Republic City safe from the evil forces of both the physical and spiritual worlds.
The Wire,2002/06/02,2008/03/09,8.9,"[""Drama"", ""Crime""]",Ended,HBO,"The first season of The Wire (2002) concentrated on the often-futile efforts of police to infiltrate a West Baltimore drug ring headed by Avon Barksdale and his lieutenant, Stringer Bell. In Seasons Two and Three, as the Barksdale investigation escalated, new storylines involvin…"
Firefly,2002/09/20,2002/12/20,8.9,"[""Drama"", ""Adventure"", ""Science-Fiction""]",Ended,FOX,"Five hundred years in the future, a renegade crew aboard a small spacecraft tries to survive as they travel the unknown parts of the galaxy and evade warring factions as well as authority agents out to get them."
Extant,2014/07/09,2015/09/09,7.3,"[""Drama"", ""Science-Fiction"", ""Thriller""]",Ended,CBS,Molly Woods is an astronaut who returns home from a year-long solo mission in space and tries to reconnect with her husband and son in their everyday life. Her experiences in space and home lead to events that ultimately will change the course of human history.
Black Sails,2014/01/25,2017/04/02,8.4,"[""Drama"", ""Action"", ""Adventure""]",Ended,STARZ,"1715. The Golden Age of Piracy. New Providence Island is a lawless territory, controlled by history's most notorious pirate captains. The most feared is Captain Flint.As the British Navy returns to redeem their land and exterminate Flint and his crew, another side of him emerges…"
Tyrant,2014/06/24,2016/09/07,7.8,"[""Drama"", ""Thriller""]",Ended,FX,Tyrant is a drama that follows a typical American family whose members find themselves embroiled in the geopolitical intrigue of a volatile Middle Eastern country. Barry Al-Fayeed is a California pediatrician who also happens to be the second son of a Middle Eastern dictator. Ba…
BoJack Horseman,2014/08/22,2020/01/31,7.9,"[""Drama"", ""Comedy""]",Ended,Netflix,"Meet the most beloved sitcom horse of the '90s, 20 years later. He's a curmudgeon with a heart of... not quite gold... but something like gold. Copper?"
Salem,2014/04/20,2017/01/25,6.9,"[""Drama"", ""Thriller"", ""Supernatural""]",Ended,NewsNation,"Set in 17th century colonial Massachusetts—a significant time in the history of American politics, religion and society— Salem brings you the real story behind the infamous witch trials. In Salem, witches are real, and they're behind it all. Salem Village and Salem Town feuded o…"
TURN: Washington's Spies,2014/04/06,2017/08/12,7.9,"[""Drama"", ""War""]",Ended,AMC,"Turn: Washington's Spies takes viewers into the stirring and treacherous world of the Revolutionary War and introduces Abraham Woodhull who, after aligning with a group of childhood friends, forms the Culper Ring--America's first spy ring."
Intelligence,2014/01/07,2014/03/31,6.6,"[""Action"", ""Science-Fiction""]",Ended,CBS,"Intelligence is a dramatic thriller about a high-tech intelligence operative enhanced with a super-computer microchip in his brain. With this implant, Gabriel Vaughn is the first human ever to be connected directly into the worldwide information grid and have complete access to…"
Believe,2014/03/10,2014/06/30,7.4,"[""Drama"", ""Action"", ""Fantasy""]",Ended,NBC,"Levitation, telekinesis, the ability to control nature and even predict the future... Since she was 2 years old, Bo has had gifts she could neither fully understand, nor control. Raised by a small group known as the ""True Believers,"" the orphaned girl has been safeguarded from h…"
Star-Crossed,2014/02/17,2014/05/12,6.9,"[""Drama"", ""Romance"", ""Science-Fiction""]",Ended,The CW,"When Emery was 6 years old, an alien spacecraft crash-landed in her small town. Whether they came in peace or with more sinister intentions didn't matter: a fierce battle erupted as humans fought for control over their new rivals, an alien species called the Atrians. In the mids…"
Crisis,2014/03/16,2014/06/21,7.1,"[""Drama"", ""Action"", ""Thriller""]",Ended,NBC,"It's field trip day for the students of Ballard High School, a place that educates the children of Washington, D.C.'s elite, top-of-their-industry CEOs, international diplomats, political power players and even the president's son. But when their bus is ambushed on a secluded ru…"
Halt and Catch Fire,2014/06/01,2017/10/14,8.2,"[""Drama""]",Ended,AMC,"Halt and Catch Fire is set roughly one year after IBM all but corners the market with the release of its first major product – the IBM PC. In this fictional drama, a former IBM executive, Joe MacMillan plans to reverse engineer the flagship product of his former employer and for…"
Hello Ladies,2013/09/29,2014/11/22,6.5,"[""Comedy""]",Ended,HBO,"Stewart is a gawky, 6' 7"" Englishman searching for the woman of his dreams in Los Angeles. Half as charming - and twice as desperate - as he thinks he is, he's obsessed with infiltrating the glamorous world of beautiful people, who won't let him in."
Dads,2013/09/17,2014/02/11,5.1,"[""Comedy""]",Ended,FOX,"Honor thy father. Way easier said than done. Especially when your dad's broke, living in your house and ruining your life. Dads explores the often treacherous terrain of the father-son landscape. This series follows two successful guys - and childhood best friends - now in their…"
Hannibal,2013/04/04,2015/08/29,8.2,"[""Drama"", ""Crime"", ""Horror""]",Ended,NBC,"Criminal profiler Will Graham is tasked by FBI agent Jack Crawford, the head of Behavioral Sciences, to help investigate the disappearances of eight young girls across Minnesota. Graham and Crawford's team investigate several subsequent murders, while also trying to catch the Ch…"
Bates Motel,2013/03/18,2017/04/24,7.9,"[""Drama"", ""Horror"", ""Thriller""]",Ended,A&E,"Bates Motel is a contemporary prequel to the genre-defining film Psycho, and gives viewers an intimate portrayal of how Norman Bates' psyche unravels through his teenage years.Following the tragic death of her husband, Norma Bates buys a motel on the outskirts of the idyllic coa…"
The Following,2013/01/21,2015/05/18,7.0,"[""Drama"", ""Crime"", ""Thriller""]",Ended,FOX,The FBI estimates there are currently over 300 active serial killers in the United States. What would happen if these killers had a way of communicating and connecting with each other? What if they were able to work together and form alliances across the country? What if one bri…
Da Vinci's Demons,2013/04/12,2015/10/24,8.0,"[""Drama"", ""Horror""]",Ended,Lionsgate+,"In a world where thought and faith are controlled, one man fights to set knowledge free. Leonardo da Vinci is tortured by a gift of superhuman genius. He finds himself in a conflict between truth and lies, religion and reason, past and future. His aspirations are used against hi…"
The Fosters,2013/06/03,2018/06/06,7.5,"[""Drama"", ""Family"", ""Romance""]",Ended,Freeform,"The Fosters is a critically-acclaimed series that centers on biracial lesbian couple Stef and Lena Foster, who are raising a multi-ethnic family mix of foster and biological kids. The second season will continue to explore the growing Fosters clan, with all the triumphs and trav…"
Mistresses,2013/06/03,2016/09/06,7.8,"[""Drama"", ""Romance""]",Ended,ABC,"Based on the hit UK television series of the same name, Mistresses is a provocative and thrilling drama about the scandalous lives of a sexy and sassy group of four girlfriends, each on her own path to self-discovery. These four friends find support and guidance with each other…"
The Tomorrow People,2013/10/09,2014/05/05,7.3,"[""Action"", ""Science-Fiction""]",Ended,The CW,"They are the next evolutionary leap of mankind, a generation of humans born with paranormal abilities - The Tomorrow People. Stephen Jameson stands at the crossroads between the world we know and the shifting world of the future. Up until a year ago, Stephen was a ""normal"" teena…"
Devious Maids,2013/06/23,2016/08/08,7.6,"[""Drama"", ""Crime""]",Ended,Lifetime,"Devious Maids is set in a world where murder and mayhem collide in the mansions of Beverly Hills' wealthiest and most powerful families. Class warfare has never been as fun and dirty as it is in the tiny enclave where the staff is as clever, witty and downright devilish as their…"
Almost Human,2013/11/17,2014/03/03,7.7,"[""Drama"", ""Crime"", ""Science-Fiction""]",Ended,FOX,"Almost Human is an action-packed police drama set 35 years in the future, when police officers are partnered with highly evolved human-like androids. The year is 2048. Meet John Kennex a cop who survived one of the most catastrophic attacks ever made against the police departmen…"
The Carrie Diaries,2013/01/14,2014/01/31,6.5,"[""Drama"", ""Comedy"", ""Romance""]",Ended,The CW,"It's the summer of 1985, and, for the first time, 17-year-old Carrie Bradshaw can call Manhattan home. After her boyfriend Sebastian and best friend Maggie betrayed her, Carrie is happy to accept the offer to spend the summer living in the downtown loft apartment of her Intervie…"
Stargate SG·1,1997/07/27,2008/07/29,8.9,"[""Action"", ""Adventure"", ""Science-Fiction""]",Ended,Syfy,Stargate SG-1 is a science fiction series based on the original film Stargate. It involves the team SG-1 going on various adventures to different alien worlds through Stargates. Throughout the series they encounter various alien threats and allies including but not limited to th…
Graceland,2013/06/06,2015/09/17,7.3,"[""Drama"", ""Action"", ""Crime""]",Ended,USA Network,"Every year, the top graduates from the FBI Academy move from their classrooms at Quantico to their first assignments in the real world. For Agent Mike Warren, the dream has always been a post in Washington D.C. But the powers that be have other plans, and the young rookie is soo…"
Stargate Atlantis,2004/07/16,2009/01/09,8.8,"[""Action"", ""Adventure"", ""Science-Fiction""]",Ended,Syfy,"Atlantis, built thousands of years ago by the highly evolved Ancients, is home base for an elite expedition from Earth. These courageous military commanders and scientists leap through the city's Stargate to explore the wondrous Pegasus galaxy and battle the treacherous Wraith,…"
Stargate Universe,2009/10/02,2011/05/09,8.2,"[""Action"", ""Adventure"", ""Science-Fiction""]",Ended,Syfy,"Stargate Universe follows a band of soldiers, scientists and civilians, who must fend for themselves as they are forced through a Stargate when their hidden base comes under attack. The desperate survivors emerge aboard an ancient ship, which is locked on an unknown course and u…"
The Chair,2014/09/06,2014/11/08,,[],Ended,STARZ,"The Chair is a competition documentary series that follows two directors through the process of bringing their first feature to the screen. The up-and-coming directors, who have unique backgrounds and skill sets, will be provided with an identical screenplay which they must craf…"
